Name,Website,Description,"Device Status","Technology Developer",Resource,"Technology Type","Water Column","Surface Expression","Power Take Off","Max Rated Power (KW)","Estimated TRL","Date of Estimated TRL"
"PRIMRE/Databases/Projects Database/Devices/40 South Energy R115",,,Inactive,"40 South Energy",Wave,"Point Absorber","Submerged - Mid",Submerged,"Alternative PTO",400,4,"31 January 2014"
"PRIMRE/Databases/Projects Database/Devices/650 kW ZJU turbine",https://iopscience.iop.org/article/10.1088/1755-1315/966/1/012003,,,,Tidal,"Current Energy",Surface,Visible,,650,,
"PRIMRE/Databases/Projects Database/Devices/AMOG Wave Energy Converter",https://www.amog.consulting/renewable-energy/amog-wave-energy-device,,Active,"Australian Marine Offshore Group",Wave,"Point Absorber",Surface,Visible,"Hydraulic Generator",2000,5,"28 August 2023"
"PRIMRE/Databases/Projects Database/Devices/ANDRITZ Hydro HS1000",https://www.andritz.com/products-en/hydro/products/tidal-current-turbines,,Active,"ANDRITZ Hydro",Tidal,"Axial Flow Turbine","Submerged - Bottom",Submerged,"Hydro Turbine",1000,7,"14 March 2024"
"PRIMRE/Databases/Projects Database/Devices/ANDRITZ Hydro HS1500",,,Inactive,"ANDRITZ Hydro","Ocean Current","Axial Flow Turbine","Submerged - Bottom",Submerged,"Direct Drive Generator",2000,7,"9 May 2022"
"PRIMRE/Databases/Projects Database/Devices/APC-PISYS",https://www.plocan.net/index.php/en/portfolio-proyectos/1192,,Inactive,"Pipo Systems",Wave,"Point Absorber",Entire,Visible,"Direct Drive Generator",205,3,"12 April 2022"
"PRIMRE/Databases/Projects Database/Devices/ATIR",https://www.magallanesrenovables.com/behind-our-technology-a-cost-effective-solution/,,Active,"Magallanes Renovables SL",Tidal,"Axial Flow Turbine",Surface,Visible,"Direct Drive Generator",2000,7,"12 April 2022"
"PRIMRE/Databases/Projects Database/Devices/AW-Energy WaveRoller",https://aw-energy.com/waveroller/,,Active,AW-Energy,Wave,"Oscillating Wave Surge Converter",Entire,Visible,"Hydraulic Generator",1000,9,"28 August 2023"
"PRIMRE/Databases/Projects Database/Devices/AWS-III",https://www.awsocean.com/archimedes-waveswing/,,Inactive,"AWS Ocean Energy Ltd",Wave,"Point Absorber","Submerged - Mid",Submerged,"Direct Drive Generator",2400,9,"12 April 2022"
"PRIMRE/Databases/Projects Database/Devices/Albatern SQUID 6",,,Inactive,"Albatern Ltd",Wave,"Point Absorber",Surface,Visible,"Hydraulic Generator",,6,"24 November 2014"
"PRIMRE/Databases/Projects Database/Devices/Alcan 210 kW OTEC",https://www.osti.gov/biblio/5407522,,Inactive,Alcan,"Thermal Gradient",Open-Cycle,"Submerged - Mid",Submerged,"Air Turbine",210,6,"6 December 2022"
"PRIMRE/Databases/Projects Database/Devices/Alstom Power bulb turbine",https://www.energy-xprt.com/products/alstom-bulb-hydro-turbines-242410,,Inactive,Alstom,Tidal,"Axial Flow Turbine","Submerged - Mid",Submerged,"Direct Drive Generator",1600,8,"12 April 2022"
"PRIMRE/Databases/Projects Database/Devices/Amplified Wave Energy Conversion System AWECS",http://www.oceanenergysys.com/index.cfm?ref=40110,,Inactive,"Ocean Energy Systems Inc",Wave,Attenuator,Surface,Visible,"Hydraulic Generator",,3,"12 April 2022"
"PRIMRE/Databases/Projects Database/Devices/Anaconda",https://www.checkmateukseaenergy.com/anaconda-technology/,,Active,"Checkmate Seaenergy",Wave,"Pressure Differential","Submerged - Mid",Submerged,"Direct Drive Generator",1000,6,"28 August 2023"
"PRIMRE/Databases/Projects Database/Devices/AquaBuOY",,,Inactive,AquaEnergy,Wave,"Point Absorber","Submerged - Mid",Submerged,"Direct Drive Generator",250,3,
"PRIMRE/Databases/Projects Database/Devices/AquaHarmonics WEC",https://aquaharmonics.com/technology/,,Active,AquaHarmonics,Wave,"Point Absorber",Surface,Visible,"Direct Drive Generator",,5,"28 August 2023"
"PRIMRE/Databases/Projects Database/Devices/Aquagen Technologies SurgeDrive",https://aquagen.com.au,,Inactive,"AquaGen Technologies",Wave,"Point Absorber",Entire,Visible,"Direct Use",,4,"26 July 2017"
"PRIMRE/Databases/Projects Database/Devices/Aquamarine Power Oyster 800",,,Inactive,"Aquamarine Power",Wave,"Oscillating Wave Surge Converter","Submerged - Bottom",Submerged,"Hydro Turbine",800,6,
"PRIMRE/Databases/Projects Database/Devices/Aquantis AQ Turbine",http://www.aquantistech.com/aquantis-aq-series-turbines/,,Inactive,"Aquantis Inc",Tidal,"Axial Flow Turbine","Submerged - Mid",Submerged,"Direct Drive Generator",,4,"15 April 2022"
"PRIMRE/Databases/Projects Database/Devices/Aquantis C-Plane",https://www.osti.gov/biblio/1214754-aquantis-plane-ocean-current-turbine-project,,Inactive,"Aquantis Inc","Ocean Current",Kite,"Submerged - Mid",Submerged,"Direct Drive Generator",,5,
"PRIMRE/Databases/Projects Database/Devices/Archimedes Waveswing",https://www.awsocean.com/archimedes-waveswing/,,Active,"AWS Ocean Energy Ltd",Wave,"Point Absorber","Submerged - Mid",Submerged,"Direct Drive Generator",500,5,"28 August 2023"
"PRIMRE/Databases/Projects Database/Devices/Arrecife",https://www.arrecifesystems.com/,,Active,"Arrecife Energy Systems","Wave,Tidal,Ocean Current,Riverine","Cross Flow Turbine",Surface,Visible,"Direct Drive Generator",75,8,"28 August 2023"
"PRIMRE/Databases/Projects Database/Devices/Atlantisstrom",https://www.atlantisstrom.de/testphase,,Active,"Atlantisstrom GmbH & CoKG",Tidal,"Cross Flow Turbine","Submerged - Mid",Submerged,"Direct Drive Generator",500,6,"28 August 2023"
"PRIMRE/Databases/Projects Database/Devices/Atlas Ocean Systems SQ5 WEC",,,Inactive,"Atlas Ocean Systems",Wave,"Point Absorber",Surface,Visible,"Air Turbine",1000,3,"5 December 2015"
"PRIMRE/Databases/Projects Database/Devices/Automar",https://waveco.net/applications,,Active,"Waveco AS",Tidal,"Point Absorber","Submerged - Mid",Submerged,"Direct Drive Generator",,4,
"PRIMRE/Databases/Projects Database/Devices/Autonomous TGU",https://netcapital.com/companies/orpc,,Active,"Ocean Renewable Power Company","Tidal,Ocean Current","Axial Flow Turbine","Submerged - Mid",Submerged,"Direct Drive Generator",4,6,"25 July 2019"
"PRIMRE/Databases/Projects Database/Devices/Avium Yeti Cluster System",https://tracxn.com/d/companies/avium/__ieFEdeoRLNGgVuWtdg6tlytenx2s07eTsiea-iGht-w,,Inactive,"Avium AS",Wave,"Point Absorber",Surface,Visible,"Hydraulic Generator",5000,5,"23 August 2022"
"PRIMRE/Databases/Projects Database/Devices/Azura",https://azurawave.com/technology/,,Active,"Northwest Energy Innovations LLC,EHL Group",Wave,"Point Absorber",Surface,Visible,"Hydraulic Generator",20,7,"30 August 2023"
"PRIMRE/Databases/Projects Database/Devices/BOLT Lifesaver",https://boltseapower.com/bolt-lifesaver-technical-introduction/,,Active,"Fred. Olsen Renewables",Wave,"Point Absorber",Surface,Visible,"Direct Drive Generator",50,7,"30 August 2023"
"PRIMRE/Databases/Projects Database/Devices/BioPower Systems bioSTREAM",https://bps.energy/,,Inactive,"BioPower Systems Pty Ltd","Ocean Current","Oscillating Hydrofoil","Submerged - Bottom",Submerged,"Hydraulic Generator",,4,"1 November 2006"
"PRIMRE/Databases/Projects Database/Devices/Blue Power Take Off (PTOU)",,,Inactive,"Blue Power Energy Ltd",Wave,"Point Absorber",Surface,Visible,"Direct Drive Generator",,3,"12 September 2022"
"PRIMRE/Databases/Projects Database/Devices/Blue Shark",https://bluesharkpower.eu/marine-energy/,,Active,"Blue Shark Power System","Tidal,Ocean Current","Axial Flow Turbine","Submerged - Mid",Submerged,"Direct Drive Generator",1000,6,"15 April 2022"
"PRIMRE/Databases/Projects Database/Devices/Bluewater BlueTEC",https://www.bluewater.com/products-technology/floating-tidal-systems/new-energy/texel-project/,,Inactive,Bluewater,"Ocean Current","Axial Flow Turbine",Surface,Visible,"Direct Drive Generator",,6,"18 April 2022"
"PRIMRE/Databases/Projects Database/Devices/Bluewater E-buoy",https://www.bluewater.com/media-contacts/downloads/e-buoy-brochure/,,Active,Bluewater,Wave,"Point Absorber",Surface,Visible,"Direct Use",,5,"30 August 2023"
"PRIMRE/Databases/Projects Database/Devices/Bombora Wave mWave",https://bomborawave.com/mwave/,,Active,"Bombora Wave",Wave,"Pressure Differential","Submerged - Bottom",Submerged,"Air Turbine",1500,7,"21 January 2022"
"PRIMRE/Databases/Projects Database/Devices/Bottom Wave Generator",https://www.youtube.com/watch?v=pYa4HbsKvas,,Inactive,"Green Wave Energy Corp",Wave,"Wave Energy",Surface,Visible,"Hydro Turbine",12,5,"30 August 2023"
"PRIMRE/Databases/Projects Database/Devices/Brimes Energy Jellyfish",http://brimesenergy.com/brimes/electricity-generation/,,Inactive,"Brimes Energy",Wave,"Oscillating Wave Surge Converter",Surface,Visible,"Direct Drive Generator",20000,5,"11 May 2022"
"PRIMRE/Databases/Projects Database/Devices/Bulb Turbine",http://www.aquaret.com/images/stories/aquaret/pdf/cstidalbarragelarance.pdf,,Active,"Electricite de France",Tidal,"Axial Flow Turbine","Submerged - Mid",Submerged,"Direct Drive Generator",10000,9,"30 August 2023"
"PRIMRE/Databases/Projects Database/Devices/C-Power SeaRAY",https://cpower.co/products/#searay,,Active,"Columbia Power Technologies Inc",Wave,Attenuator,Surface,Visible,"Direct Drive Generator",20,8,"29 April 2022"
"PRIMRE/Databases/Projects Database/Devices/C-Power StingRAY",https://cpower.co/stingray/,,Active,"Columbia Power Technologies Inc",Wave,Attenuator,Surface,Visible,"Direct Drive Generator",500,6,"31 October 2019"
"PRIMRE/Databases/Projects Database/Devices/CCell WEC",https://www.ccell.co.uk/technology,,Active,"CCell Renewables Ltd",Wave,"Oscillating Wave Surge Converter",Entire,Visible,"Direct Drive Generator",,6,"20 April 2022"
"PRIMRE/Databases/Projects Database/Devices/CalWave Technologies Wave Carpet",https://taflab.berkeley.edu/uc-berkeley-ocean-wave-energy-converter/,,Active,"CalWave Technologies",Wave,"Pressure Differential","Submerged - Bottom",Submerged,"Hydraulic Generator",,5,"20 June 2016"
"PRIMRE/Databases/Projects Database/Devices/CalWave Technologies xWave",https://calwave.energy/solutions/xwave/,,Active,"CalWave Technologies",Wave,"Point Absorber","Submerged - Mid",Submerged,"Direct Drive Generator",20000,6,"16 September 2021"
"PRIMRE/Databases/Projects Database/Devices/Cape Sharp Tidal Turbine",https://www.aecon.com/our-projects/recent/cape-sharp-tidal,,Inactive,"Cape Sharp Tidal",Tidal,"Axial Flow Turbine",Entire,Visible,"Direct Drive Generator",2000,3,"15 September 2022"
"PRIMRE/Databases/Projects Database/Devices/Capricorn Marine Turbine 125",https://www.offshore-energy.biz/introducing-capricorn-marine-turbine/,,Inactive,"Renewable Devices Marine Ltd",Tidal,"Axial Flow Turbine","Submerged - Mid",Submerged,"Direct Drive Generator",12500,5,"20 April 2022"
"PRIMRE/Databases/Projects Database/Devices/Capricorn Marine Turbine 5",https://www.offshore-energy.biz/introducing-capricorn-marine-turbine/,,Inactive,"Renewable Devices Marine Ltd",Tidal,"Axial Flow Turbine","Submerged - Mid",Submerged,"Direct Drive Generator",50,5,"20 April 2022"
"PRIMRE/Databases/Projects Database/Devices/Carnegie Clean Energy CETO 6",https://www.carnegiece.com/ceto-technology/,,Active,"Carnegie Clean Energy",Wave,"Point Absorber","Submerged - Bottom",Submerged,"Direct Drive Generator",1500,7,"20 April 2022"
"PRIMRE/Databases/Projects Database/Devices/Clean Energy from Waves",,,Inactive,"Coppe Subsea Technology","Wave,Tidal","Pressure Differential",Surface,Visible,"Hydraulic Generator",50,5,"23 September 2022"
"PRIMRE/Databases/Projects Database/Devices/Clearpower Technologies WaveBob",,,Inactive,"Clearpower Technologies",Wave,"Point Absorber",Surface,Visible,"Hydraulic Generator",,4,"4 April 2013"
"PRIMRE/Databases/Projects Database/Devices/CorPower Ocean C4 WEC",https://corpowerocean.com/corpower-oceans-c4-wave-energy-converter-completes-dry-test-program/,,Active,"CorPower Ocean",Wave,"Point Absorber",Surface,Visible,"Direct Drive Generator",300,7,"30 August 2023"
"PRIMRE/Databases/Projects Database/Devices/Costas Wave Energy Converter",,,Inactive,"Costas Wave",Wave,"Wave Energy",Surface,Visible,"Direct Drive Generator",,4,"8 October 2022"
"PRIMRE/Databases/Projects Database/Devices/Crestwing Tordenskiold",https://www.offshore-energy.biz/crestwing-wraps-up-tordenskiold-wave-prototype-testing/,,Active,Crestwing,Wave,Attenuator,Surface,Visible,"Direct Drive Generator",,6,"13 December 2020"
"PRIMRE/Databases/Projects Database/Devices/Crowd Energy Ocean Energy Turbine",http://crowdenergy.org/,,Inactive,"Crowd Energy","Ocean Current","Current Energy","Submerged - Bottom",Submerged,"Direct Drive Generator",13500,4,"10 October 2022"
"PRIMRE/Databases/Projects Database/Devices/Current Catcher Pontoon Barges",http://www.marineenergycorp.com/marine-energy/current-catcher-pontoon-barge.shtml,,Inactive,"Marine Energy Corporation","Ocean Current","Cross Flow Turbine",Surface,Visible,"Direct Drive Generator",24000,1,"20 April 2022"
"PRIMRE/Databases/Projects Database/Devices/Current Kinetics Ocean Energy Turbine",https://www.currentkinetics.com/,,Active,"Current Kinetics","Tidal,Ocean Current","Axial Flow Turbine","Submerged - Mid",Submerged,"Direct Drive Generator",,3,"10 October 2022"
"PRIMRE/Databases/Projects Database/Devices/Current Power Turbine",https://currentpower.eu/om-current-power/,,Inactive,"Current Power AB","Ocean Current","Axial Flow Turbine","Submerged - Bottom",Submerged,"Direct Drive Generator",,2,"12 October 2022"
"PRIMRE/Databases/Projects Database/Devices/CurrentStar",https://newatlas.com/bourne-energys-riverstar-current-electricity-generators-the-new-face-o/8922/,,Inactive,"Bourne Energy","Ocean Current","Axial Flow Turbine",Surface,Visible,"Direct Drive Generator",50,3,"20 April 2022"
"PRIMRE/Databases/Projects Database/Devices/CycWEC",https://atargis.com/CycWEC.html#Design,,Inactive,"Atargis Energy Corporation",Wave,"Oscillating Wave Surge Converter","Submerged - Mid",Submerged,"Direct Drive Generator",5000,4,"21 April 2022"
"PRIMRE/Databases/Projects Database/Devices/DELBUOY",https://doi.org/10.1016/0011-9164%2889%2987006-7,,Inactive,"ISTI Delaware Inc,University of Delaware","Wave,Salinity Gradient","Point Absorber",Entire,Visible,"Salinity Membrane",,6,"1 January 1989"
"PRIMRE/Databases/Projects Database/Devices/DUO WEC",https://puremarinegen.com/duo-wave-energy-device/,,Inactive,"Pure Marine Gen Ltd",Wave,"Point Absorber",Surface,Visible,"Direct Drive Generator",,4,"21 April 2022"
"PRIMRE/Databases/Projects Database/Devices/Davis Hydro Turbine and Tidal Bridge",http://www.bluenergy.com/vertical-axis-turbine/vaht/,,Inactive,"Blue Energy Canada",Tidal,"Cross Flow Turbine","Submerged - Bottom",Submerged,"Direct Drive Generator",,4,"21 April 2022"
"PRIMRE/Databases/Projects Database/Devices/Deep Green Tidal Kite",https://minesto.com/our-technology/,,Active,"Minesto AB",Tidal,Kite,"Submerged - Mid",Submerged,"Direct Drive Generator",500,7,"21 April 2022"
"PRIMRE/Databases/Projects Database/Devices/DeepGen IV",https://www.emec.org.uk/about-us/our-tidal-clients/alstom/,,Active,"Alstom,Sabella",Tidal,"Axial Flow Turbine","Submerged - Bottom",Submerged,"Direct Drive Generator",1000,7,"21 April 2022"
"PRIMRE/Databases/Projects Database/Devices/Delta Stream",,,Inactive,"Tidal Energy Ltd","Ocean Current","Axial Flow Turbine","Submerged - Bottom",Submerged,"Direct Drive Generator",400,7,"21 April 2022"
"PRIMRE/Databases/Projects Database/Devices/DesignPro Renewables hydrokinetic turbine",https://designprorenewables.com/technology/,,Active,"DesignPro Renewables",Tidal,"Cross Flow Turbine",Surface,Visible,"Direct Drive Generator",,6,"22 June 2022"
"PRIMRE/Databases/Projects Database/Devices/Dexawave",,,Inactive,"DEXAWAVE AS",Wave,"Point Absorber",Surface,Visible,"Direct Drive Generator",,2,"12 October 2022"
"PRIMRE/Databases/Projects Database/Devices/Drakoo",http://www.hann-ocean.com/index.php/products/drakoo.html,,Active,"Hann-Ocean Group",Wave,"Oscillating Water Column",Surface,Visible,"Hydro Turbine",100,5,"14 September 2023"
"PRIMRE/Databases/Projects Database/Devices/Dutch Wave Power Offshore OS-1",https://www.dutchwavepower.com/pages/technology/,,Active,"Dutch Wave Power",Wave,"Point Absorber",Entire,Visible,"Direct Drive Generator",,5,"14 September 2023"
"PRIMRE/Databases/Projects Database/Devices/EEL Energy River Generator",https://www.eel-energy.fr/en/river-generators/,,Active,"EEL Energy",Riverine,"Oscillating Hydrofoil","Submerged - Mid",Submerged,"Direct Drive Generator",300,6,"14 March 2024"
"PRIMRE/Databases/Projects Database/Devices/EEL Energy Tidal Generator",https://www.eel-energy.fr/en/tidal-generators/,,Active,"EEL Energy",Tidal,"Oscillating Hydrofoil","Submerged - Mid",Submerged,"Direct Drive Generator",1000,5,"5 March 2022"
"PRIMRE/Databases/Projects Database/Devices/EGWAP WEC",http://www.abletechnologiesllc.com/egwap.htm,,Inactive,"Able Technologies LLC",Wave,"Point Absorber",Surface,Visible,"Hydro Turbine",390,2,"3 May 2022"
"PRIMRE/Databases/Projects Database/Devices/Eco Wave Power Wave Clapper",https://www.ecowavepower.com/,,Active,"Eco Wave Power",Wave,"Point Absorber",Surface,Visible,"Hydraulic Generator",100,9,"14 September 2023"
"PRIMRE/Databases/Projects Database/Devices/EcoAuger",,,Inactive,"Aqua-Auger International Inc","Ocean Current","Archimedes Screw",Surface,Visible,"Hydraulic Generator",,5,"3 May 2022"
"PRIMRE/Databases/Projects Database/Devices/EcoCinetic Hydrokinetic Turbine",,,Inactive,EcoCinetic,"Ocean Current","Cross Flow Turbine",Surface,Visible,"Direct Drive Generator",25,5,"5 April 2022"
"PRIMRE/Databases/Projects Database/Devices/Ecolcap Turbine",,,Inactive,"Seapower scrl",Riverine,"Cross Flow Turbine","Submerged - Mid",Submerged,"Hydraulic Generator",2.5,4,"5 April 2022"
"PRIMRE/Databases/Projects Database/Devices/Ecomerit Technologies Centipod",http://www.ecomerittech.com/centipod.php,,Inactive,"Ecomerit Technologies LLC",Wave,"Point Absorber",Surface,Visible,"Hydraulic Generator",1000,2,"20 April 2022"
"PRIMRE/Databases/Projects Database/Devices/Eel Grass",,,Inactive,"AeroVironment Inc",Wave,"Pressure Differential","Submerged - Bottom",Submerged,"Direct Drive Generator",,3,"5 April 2022"
"PRIMRE/Databases/Projects Database/Devices/Electric Eel",https://awsocean.com/our-technology/#:~:text=Our%20Electric%20Eel%E2%84%A2%20wave%2Cthe%20surface%20of%20the%20sea.,,Active,"AWS Ocean Energy Ltd",Wave,"Pressure Differential","Submerged - Mid",Submerged,"Alternative PTO",5250,3,"4 May 2022"
"PRIMRE/Databases/Projects Database/Devices/Elemental Energy Technology Limited SeaUrchin",,,Inactive,"Elemental Energy Technology Limited",Tidal,"Axial Flow Turbine","Submerged - Bottom",Submerged,"Direct Drive Generator",,7,"28 June 2022"
"PRIMRE/Databases/Projects Database/Devices/Embley Energy SPERBOY",,,Inactive,"Embley Energy Ltd",Wave,"Oscillating Water Column",Surface,Visible,"Air Turbine",,5,"1 April 2019"
"PRIMRE/Databases/Projects Database/Devices/EnCurrent Turbine",https://www.researchgate.net/publication/265156371_River_Tidal_and_Ocean_Current_Hydrokinetic_Energy_Technologies_Status_and_Future_Opportunities_in_Alaska,,Active,"New Energy Corporation","Ocean Current","Cross Flow Turbine",Surface,Visible,"Direct Drive Generator",250,9,"5 April 2022"
"PRIMRE/Databases/Projects Database/Devices/Energy Island Lilypad",http://www.energyisland.com/technologies/wave/wave.html,,Active,"Energy Island Ltd",Wave,Attenuator,Surface,Visible,"Hydraulic Generator",,3,"1 January 2020"
"PRIMRE/Databases/Projects Database/Devices/Energy Island OTEC",https://newatlas.com/energy-island-otec/8714/,,Inactive,"Energy Island Ltd","Thermal Gradient",Open-Cycle,Surface,Visible,"Salinity Membrane",,2,"4 May 2022"
"PRIMRE/Databases/Projects Database/Devices/EnviroGen",https://www.newenergycorp.ca/products,,Active,"New Energy Corporation","Ocean Current","Cross Flow Turbine",Surface,Visible,"Direct Drive Generator",50,8,"6 May 2022"
"PRIMRE/Databases/Projects Database/Devices/Etymol WEC",https://www.etymol.com/home.html?VER=210928:1031,,Inactive,"Etymol Ocean Power SpA",Wave,"Pressure Differential","Submerged - Mid",Submerged,"Direct Drive Generator",4000,5,"6 May 2020"
"PRIMRE/Databases/Projects Database/Devices/Evolution Series",https://www.hpgs.eu/solutions,,Active,"Hydrokinetic Power Generation Systems","Ocean Current,Riverine","Cross Flow Turbine","Submerged - Mid",Submerged,"Direct Drive Generator",25,7,"1 November 2023"
"PRIMRE/Databases/Projects Database/Devices/Evopod",http://www.oceanflowenergy.com/Evopod-Technology.html,,Inactive,"Oceanflow Energy Ltd","Ocean Current","Axial Flow Turbine",Surface,Visible,"Direct Drive Generator",148,7,"11 May 2022"
"PRIMRE/Databases/Projects Database/Devices/ExoWave Cell",,,Inactive,ExoWave,Wave,"Oscillating Wave Surge Converter","Submerged - Bottom",Submerged,"Direct Drive Generator",,6,"6 May 2022"
"PRIMRE/Databases/Projects Database/Devices/FM-Swimmer Tidal Turbine",https://www.flexmarinepower.com/#:~:text=REGISTER%20INTEREST-%2CProducts%20%26%20Services%2C-%3A,,Active,"Flex Marine Power Ltd",Tidal,"Axial Flow Turbine","Submerged - Mid",Submerged,"Hydro Turbine",50,6,"1 March 2022"
"PRIMRE/Databases/Projects Database/Devices/FTMC Turbine",https://www.offshore-energy.biz/ftmc-turbine-shortlisted-for-eureka-project-of-the-year-2019/,,Active,Seaplace,"Tidal,Ocean Current","Axial Flow Turbine","Submerged - Mid",Submerged,"Direct Drive Generator",,4,"6 May 2022"
"PRIMRE/Databases/Projects Database/Devices/Fish Friendly Screw Turbine",https://fishflowinnovations.nl/en/innovations/screw_turbine/,,Active,"Fishflow Innovations","Ocean Current","Archimedes Screw",Surface,Visible,"Air Turbine",,6,"5 June 2022"
"PRIMRE/Databases/Projects Database/Devices/Float Wave Electric Power Station (FWEPS)",http://atecom.ru/wave-energy/,,Active,"Applied Technologies Company Ltd",Wave,"Point Absorber",Surface,Visible,"Direct Drive Generator",50,4,"18 August 2022"
"PRIMRE/Databases/Projects Database/Devices/Floating Pendulum Wave Energy Converter",,,Inactive,"Korea Research Institute of Ships and Ocean Engineering",Wave,"Point Absorber",Surface,Visible,"Hydraulic Generator",300,3,"9 May 2022"
"PRIMRE/Databases/Projects Database/Devices/Floating Power Plant Pelamis P37",,,Inactive,"Floating Power Plant AS",Wave,"Oscillating Water Column",Surface,Visible,"Air Turbine",63,6,
"PRIMRE/Databases/Projects Database/Devices/Floating Power Plant Pelamis P80",,,Inactive,"Floating Power Plant AS",Wave,"Oscillating Water Column",Surface,Visible,"Air Turbine",3600,4,
"PRIMRE/Databases/Projects Database/Devices/Flumill Tidal Helix Screw",,,Inactive,Flumill,"Ocean Current","Archimedes Screw","Submerged - Bottom",Submerged,"Direct Drive Generator",,6,"4 October 2021"
"PRIMRE/Databases/Projects Database/Devices/Free Flow 69 Osprey",http://www.freeflow69.com/development/73-osprey-project-development,,Inactive,"Free Flow 69",Tidal,"Cross Flow Turbine",Surface,Visible,"Direct Drive Generator",,4,"24 June 2022"
"PRIMRE/Databases/Projects Database/Devices/Free Flow Turbine",https://fishflowinnovations.nl/en/innovations/free-flow-turbine/,,Active,"Fishflow Innovations",Tidal,"Axial Flow Turbine","Submerged - Bottom",Submerged,"Direct Drive Generator",,4,"15 September 2023"
"PRIMRE/Databases/Projects Database/Devices/Fri-El Seapower",https://www.fri-el.it/en/home/,,Inactive,"FRI EL Sea Power S r l","Ocean Current","Axial Flow Turbine","Submerged - Mid",Submerged,"Direct Drive Generator",1.2,5,"17 October 2018"
"PRIMRE/Databases/Projects Database/Devices/GEM Oceans Kite",https://vimeo.com/110762252,,Inactive,"Seapower scrl","Ocean Current",Kite,"Submerged - Mid",Submerged,"Direct Drive Generator",100,5,"19 July 2022"
"PRIMRE/Databases/Projects Database/Devices/GKinetic Tidal Turbine",https://gkinetic.com/,,Active,"GKinetic Energy Ltd","Ocean Current","Cross Flow Turbine",Surface,Visible,"Direct Drive Generator",1000,6,"9 May 2022"
"PRIMRE/Databases/Projects Database/Devices/GMax Tidal Energy System",https://gmaxtidalenergy.com/,,Active,"GMax Tidal Energy","Ocean Current","Cross Flow Turbine",Surface,Visible,"Direct Drive Generator",3700,7,"9 May 2022"
"PRIMRE/Databases/Projects Database/Devices/GlobalOne Sciences SeaWEED",https://www.linkedin.com/company/globalone-sciences/about/,,Inactive,"GlobalOne Sciences LLC",Wave,Attenuator,Surface,Visible,"Hydraulic Generator",750,4,
"PRIMRE/Databases/Projects Database/Devices/Gorlov Helical Turbine",,,Inactive,"GCK Technology Inc","Ocean Current","Cross Flow Turbine","Submerged - Bottom",Submerged,"Direct Drive Generator",,5,"9 May 2022"
"PRIMRE/Databases/Projects Database/Devices/Gwave Power Generation Vessel",,,Inactive,Gwave,Wave,Attenuator,Surface,Visible,"Direct Drive Generator",9000,6,"16 February 2017"
"PRIMRE/Databases/Projects Database/Devices/H24wave",https://www.40southenergy.it/,,Active,"40 South Energy",Wave,"Pressure Differential","Submerged - Bottom",Submerged,"Hydro Turbine",50,7,"9 May 2022"
"PRIMRE/Databases/Projects Database/Devices/HACE WEC",https://hacewaveenergy.com/#techno,,Active,"Hydro Air Concept Energie",Wave,"Oscillating Water Column",Surface,Visible,"Air Turbine",10000,6,"9 May 2022"
"PRIMRE/Databases/Projects Database/Devices/Haineng I 300 kW tidal turbine",https://www.researchgate.net/publication/331472391_Representative_technology_development_of_marine_renewable_energy_in_China,,Active,"Harbin Engineering University",Tidal,"Axial Flow Turbine",Surface,Visible,"Direct Drive Generator",300,8,"15 September 2023"
"PRIMRE/Databases/Projects Database/Devices/Hales Turbine",http://www.halesenergy.com/technology.html,,Inactive,"Hales Water Turbines Ltd","Ocean Current","Cross Flow Turbine","Submerged - Bottom",Submerged,"Direct Drive Generator",,2,"22 June 2022"
"PRIMRE/Databases/Projects Database/Devices/Havkraft A-Class",https://havkraft.no/products/,,Active,"Havkraft AS",Wave,"Oscillating Water Column",Surface,Visible,"Air Turbine",,6,"20 September 2023"
"PRIMRE/Databases/Projects Database/Devices/Havkraft N-Class",https://havkraft.no/products/,,Active,"Havkraft AS",Wave,"Oscillating Water Column",Surface,Visible,"Air Turbine",,5,"17 June 2022"
"PRIMRE/Databases/Projects Database/Devices/Havkraft O-Class",https://havkraft.no/products/,,Active,"Havkraft AS",Wave,"Oscillating Water Column",Surface,Visible,"Air Turbine",250,6,"1 January 2023"
"PRIMRE/Databases/Projects Database/Devices/Healy WEC",,,Inactive,"Healy Wave Energy LLC",Wave,"Point Absorber",Surface,Visible,"Air Turbine",,3,"5 October 2022"
"PRIMRE/Databases/Projects Database/Devices/Horizon Platform",http://www.elgenwave.com/platform.htm,,Inactive,"Elgen Wave",Wave,"Point Absorber",Surface,Visible,"Direct Drive Generator",,1,"10 May 2022"
"PRIMRE/Databases/Projects Database/Devices/HyTide 1000",,,Inactive,"Voith Hydro Inc","Ocean Current","Axial Flow Turbine","Submerged - Bottom",Submerged,"Direct Drive Generator",1000,6,"10 May 2022"
"PRIMRE/Databases/Projects Database/Devices/Hydro-Gen",http://www.hydro-gen.fr/homepage_eng.htm,,Inactive,"Hydro-Gen Technology",Tidal,"Axial Flow Turbine",Surface,Visible,"Direct Use",,5,"23 June 2022"
"PRIMRE/Databases/Projects Database/Devices/HydroAirâ„¢ Hydro Turbine",,,Inactive,Dresser-Rand,Wave,"Oscillating Water Column",Surface,Visible,"Air Turbine",500,5,"21 October 2022"
"PRIMRE/Databases/Projects Database/Devices/HydroCoil Turbine",http://www.hydrocoilpower.com/,,Inactive,"HydroCoil Power Inc","Ocean Current","Archimedes Screw",Surface,Visible,"Direct Drive Generator",2,5,"5 October 2022"
"PRIMRE/Databases/Projects Database/Devices/HydroWave Powerbarge",https://static1.squarespace.com/static/5b18ec3cee1759b32d884907/t/5bbb56c91905f431b73cfbff/1539004111326/Hydrowave.pdf,,Active,"HydroWave AS",Wave,"Oscillating Water Column",Surface,Visible,"Air Turbine",10000,2,"15 September 2023"
"PRIMRE/Databases/Projects Database/Devices/HydroWave Powerpier",https://static1.squarespace.com/static/5b18ec3cee1759b32d884907/t/5bbb56c91905f431b73cfbff/1539004111326/Hydrowave.pdf,,Active,"HydroWave AS",Wave,"Oscillating Water Column",Surface,Visible,"Air Turbine",2000,7,"15 September 2023"
"PRIMRE/Databases/Projects Database/Devices/HydroWave Powership",https://static1.squarespace.com/static/5b18ec3cee1759b32d884907/t/5bbb56c91905f431b73cfbff/1539004111326/Hydrowave.pdf,,Active,"HydroWave AS",Wave,"Oscillating Water Column",Surface,Visible,"Air Turbine",250,2,"15 September 2023"
"PRIMRE/Databases/Projects Database/Devices/HydroWing",https://hydrowing.tech/hydrowing-technology/,,Active,"HydroWing Technology","Ocean Current","Axial Flow Turbine","Submerged - Bottom",Submerged,"Direct Drive Generator",300,3,"10 May 2022"
"PRIMRE/Databases/Projects Database/Devices/Hydrocap Energy Seacap",https://hydrocap.com/en_en/seacap/,,Active,"Hydrocap Energy SAS",Wave,"Point Absorber",Surface,Visible,"Hydraulic Generator",600,4,"15 September 2023"
"PRIMRE/Databases/Projects Database/Devices/Hydrokinetic Energy Current Turbine",https://hydrokinetic-energy.com/,,Active,"Hydrokinetic Energy Corp","Ocean Current","Axial Flow Turbine","Submerged - Mid",Submerged,"Direct Drive Generator",,4,"5 October 2022"
"PRIMRE/Databases/Projects Database/Devices/Hydroquest",https://www.hydroquest.fr/en/tidal-power/,,Active,"Hydroquest SAS,Qair","Tidal,Ocean Current","Cross Flow Turbine","Submerged - Bottom",Submerged,"Direct Drive Generator",1,7,"10 May 2022"
"PRIMRE/Databases/Projects Database/Devices/IHI Corporation Kairyu",https://www.nedo.go.jp/english/activities/activities_ZZJP_100143.html,,Active,"IHI Corporation","Ocean Current","Axial Flow Turbine","Submerged - Mid",Submerged,"Direct Drive Generator",100,6,"15 September 2023"
"PRIMRE/Databases/Projects Database/Devices/ISWEC Inertial Sea Wave Energy Converter",http://www.morenergylab.polito.it/iswec/,,Active,"Wave for Energy s.r.l,Eni",Wave,"Point Absorber",Surface,Visible,"Direct Drive Generator",100,7,"7 March 2023"
"PRIMRE/Databases/Projects Database/Devices/Idnergie River Turbine",https://idenergie.ca/en/features/,,Active,"Idnergie Inc",Riverine,"Cross Flow Turbine",Entire,Visible,"Direct Drive Generator",12,8,"26 October 2022"
"PRIMRE/Databases/Projects Database/Devices/InCurrent Turbines Vortex Power Drives",,,Inactive,"InCurrent Turbines Ltd","Ocean Current","Axial Flow Turbine","Submerged - Mid",Submerged,"Direct Drive Generator",,3,"26 October 2022"
"PRIMRE/Databases/Projects Database/Devices/InfinityWEC",https://news.cision.com/ocean-harvesting-technologies/r/infinitywec-to-demonstrate-performance-with-enhanced-model-based-predictive-control-in-scale-1-3-sea%2Cc3743041,,Active,"Ocean Harvesting Technologies",Wave,"Point Absorber",Surface,Visible,"Direct Drive Generator",500,2,"5 November 2022"
"PRIMRE/Databases/Projects Database/Devices/Ing Arvid Nesheim Oscillating Device",,,Inactive,"Ing Arvid Nesheim","Ocean Current","Oscillating Water Column",Entire,Visible,"Hydraulic Generator",,2,"11 February 2022"
"PRIMRE/Databases/Projects Database/Devices/Ingine INWave",https://www.ingine.co.kr/eng/business/inwave.php,,Active,"Ingine Inc",Wave,"Oscillating Water Column",Surface,Visible,"Alternative PTO",135,5,"10 May 2022"
"PRIMRE/Databases/Projects Database/Devices/Instream Vertical Axis Hydrokinetic Turbine",https://www.instreamenergy.com/technology,,Active,"Instream Energy Systems Corporation","Ocean Current,Riverine","Cross Flow Turbine",Surface,Visible,"Hydraulic Generator",25,7,"5 November 2022"
"PRIMRE/Databases/Projects Database/Devices/Intentium Offshore Wave Energy Converter",https://www.youtube.com/@IntentiumWavePower,,Inactive,"Intentium AS",Wave,Attenuator,Surface,Visible,"Hydro Turbine",1000,4,"1 November 2012"
"PRIMRE/Databases/Projects Database/Devices/Jospa Tug",https://www.jospaoceansolutions.com/jospatug,,Active,"Jospa Ltd",Wave,Attenuator,"Submerged - Mid",Submerged,"Direct Drive Generator",,4,"18 September 2023"
"PRIMRE/Databases/Projects Database/Devices/Jupiter Hydro Tidal Platform",http://jupiterhydro.com/,,Active,"Jupiter Hydro Inc",Tidal,"Archimedes Screw",Surface,Visible,"Direct Drive Generator",2000,6,"18 September 2023"
"PRIMRE/Databases/Projects Database/Devices/KRISO HOTEC",,,Inactive,"Korea Research Institute of Ships and Ocean Engineering","Thermal Gradient",Open-Cycle,"Submerged - Bottom",Submerged,"Alternative PTO",200,4,"11 May 2022"
"PRIMRE/Databases/Projects Database/Devices/KRISO OTEC",,,Inactive,"Korea Research Institute of Ships and Ocean Engineering","Thermal Gradient",Open-Cycle,Surface,Visible,"Alternative PTO",20,2,"11 May 2022"
"PRIMRE/Databases/Projects Database/Devices/Kawasaki Heavy Industries Tidal Power Generation System",https://global.kawasaki.com/en/corp/newsroom/news/detail/20111019_1.html,,Active,"Kawasaki Heavy Industries",Tidal,"Axial Flow Turbine","Submerged - Bottom",Submerged,"Direct Drive Generator",1000,4,"18 September 2023"
"PRIMRE/Databases/Projects Database/Devices/Kepler Turbine",https://keplerenergy.co.uk/index.html,,Inactive,"Kepler Energy",Tidal,"Axial Flow Turbine","Submerged - Bottom",Submerged,"Direct Drive Generator",,4,"23 June 2022"
"PRIMRE/Databases/Projects Database/Devices/Kinetic Hydropower System (KHPS) Gen4",https://www.verdantpower.com/,,Inactive,"Verdant Power",Tidal,"Axial Flow Turbine","Submerged - Bottom",Submerged,"Alternative PTO",35,5,"1 January 2019"
"PRIMRE/Databases/Projects Database/Devices/Kinetic Hydropower System (KHPS) Gen5",https://www.verdantpower.com/,,Active,"Verdant Power",Tidal,"Axial Flow Turbine","Submerged - Bottom",Submerged,"Alternative PTO",35,9,"4 October 2022"
"PRIMRE/Databases/Projects Database/Devices/Kinetic Keel",https://www.bigmoonpower.com/,,Active,"Bigmoon Power",Tidal,"Cross Flow Turbine",Surface,Visible,"Alternative PTO",100,5,"11 May 2022"
"PRIMRE/Databases/Projects Database/Devices/Kinetic Wave Power PowerGin",,,Inactive,"Kinetic Wave Power",Wave,Overtopping,Surface,Visible,"Hydro Turbine",20000,2,"15 May 2020"
"PRIMRE/Databases/Projects Database/Devices/Korea Institute of Ocean Science and Technology Tidal Energy Converter",https://www.offshore-energy.biz/tidal-energy-pilot-in-korea-completes-two-years-of-clean-power-generation/,,Active,"Korea Institute of Ocean Science and Technology","Ocean Current","Axial Flow Turbine",,,"Direct Drive Generator",4500,6,"18 September 2023"
"PRIMRE/Databases/Projects Database/Devices/KymoGen",,,Inactive,KymoGen,Wave,"Point Absorber",Surface,Visible,"Direct Drive Generator",,2,"11 May 2022"
"PRIMRE/Databases/Projects Database/Devices/LEANCON Wave Energy Device",,,Inactive,"Leancon Wave Energy",Wave,"Oscillating Water Column",Surface,Visible,"Direct Drive Generator",4600,4,"11 May 2022"
"PRIMRE/Databases/Projects Database/Devices/LHD 1.7MW turbines",https://report2018.ocean-energy-systems.org/international-activities/china/technology-demonstration/,,Inactive,"Hangzhou United Energy Co Ltd",Tidal,"Axial Flow Turbine",Surface,Visible,"Direct Drive Generator",1700,6,"19 January 2023"
"PRIMRE/Databases/Projects Database/Devices/LHD Tidal Demo",,,Inactive,LHD,"Ocean Current","Axial Flow Turbine",Surface,Visible,"Direct Drive Generator",3400,6,"11 May 2022"
"PRIMRE/Databases/Projects Database/Devices/Lamwec",https://www.emec.org.uk/about-us/wave-clients/laminaria/,,Active,Laminaria,Wave,"Point Absorber","Submerged - Mid",Submerged,"Direct Drive Generator",200,6,"11 May 2022"
"PRIMRE/Databases/Projects Database/Devices/Lancaster University PS Frog",,,Inactive,"Lancaster University",Wave,"Point Absorber",Surface,Visible,"Hydraulic Generator",2000,3,"1 August 2022"
"PRIMRE/Databases/Projects Database/Devices/Land Installed Marine Powered Energy Transformer LIMPET",https://news.climate.columbia.edu/2010/05/19/limpet-land-installed-marine-powered-energy-transformer/,,Inactive,"Wavegen Limited",Wave,"Oscillating Water Column",Surface,Visible,"Air Turbine",,6,"5 November 2022"
"PRIMRE/Databases/Projects Database/Devices/Langlee Robusto",http://www.langleewp.com/?q=langlee-technology,,Inactive,"Langlee Wave Power AS",Wave,"Wave Energy",Surface,Visible,"Direct Drive Generator",132,5,"11 May 2022"
"PRIMRE/Databases/Projects Database/Devices/LifeSaver",https://advancedhydroenergy.com/,,Active,"Advanced Hydrokinetics",Wave,Overtopping,Surface,Visible,"Direct Use",,3,"18 September 2023"
"PRIMRE/Databases/Projects Database/Devices/Low Flow Tidal Energy Tidal Flyer",https://tidalflyer.com/,,Inactive,"Tidal Flyer",Tidal,"Oscillating Hydrofoil","Submerged - Mid",Submerged,"Direct Drive Generator",,5,"28 June 2022"
"PRIMRE/Databases/Projects Database/Devices/M3 Wave DMP",https://www.m3wave.com/,,Inactive,"M3 Wave",Wave,"Pressure Differential","Submerged - Bottom",Submerged,"Air Turbine",500,4,
"PRIMRE/Databases/Projects Database/Devices/MAKO Tidal Turbine",https://www.mako.energy/,,Active,"MAKO Tidal Turbines Pty Ltd MTT","Ocean Current","Axial Flow Turbine","Submerged - Mid",Submerged,"Direct Drive Generator",,5,"18 September 2023"
"PRIMRE/Databases/Projects Database/Devices/MARMOK-A-5",https://www.idom.com/en/project/wave-energy-converter-prototype-marmok-a-5-2/,,Active,IDOM,Wave,"Oscillating Water Column",Surface,Visible,"Direct Drive Generator",30,7,"30 June 2023"
"PRIMRE/Databases/Projects Database/Devices/MHD Wave Energy Converter",,,Inactive,"Scientific Applications Research Associates Inc",Wave,"Point Absorber",Surface,Visible,"Hydraulic Generator",,3,
"PRIMRE/Databases/Projects Database/Devices/MPS WaveSub",https://www.marinepowersystems.co.uk/wavesub/,,Active,"Marine Power Systems",Wave,"Point Absorber","Submerged - Mid",Submerged,"Direct Drive Generator",5000,6,"19 September 2023"
"PRIMRE/Databases/Projects Database/Devices/Magallanes Renovables ATIR",https://www.magallanesrenovables.com/behind-our-technology-a-cost-effective-solution/,,Active,"Magallanes Renovables SL",Tidal,"Axial Flow Turbine",Surface,Visible,"Direct Drive Generator",2000,7,"28 August 2023"
"PRIMRE/Databases/Projects Database/Devices/Makai 105 kW OTEC",https://www.makai.com/renewable-energy/otec/,,Active,"Makai Ocean Engineering Inc","Thermal Gradient",Closed-Cycle,Surface,Visible,"Air Turbine",105,6,"19 September 2023"
"PRIMRE/Databases/Projects Database/Devices/Manta",https://aquapowertech.com/products/manta,,Active,"Aqua Power Technologies",Wave,"Point Absorber","Submerged - Mid",Submerged,"Direct Drive Generator",4.6,6,"19 September 2023"
"PRIMRE/Databases/Projects Database/Devices/Marine Current Turbines SeaFlow",https://tethys.pnnl.gov/organization/marine-current-turbines-mct,,Inactive,"Marine Current Turbines","Ocean Current","Axial Flow Turbine","Submerged - Mid",Submerged,"Direct Drive Generator",300,9,"6 October 2021"
"PRIMRE/Databases/Projects Database/Devices/Marine Hydroelectric Generator MHG",https://www.f6s.com/company/marinehydroelectriccompany#about,,Inactive,"Marine Hydroelectric Company",Wave,"Point Absorber",Surface,Visible,"Alternative PTO",1000,4,
"PRIMRE/Databases/Projects Database/Devices/Martin and Ottoway SurfWEC",https://martinottaway.com/services/surfwec-llc/,,Active,"Martin & Ottoway",Wave,"Point Absorber",Surface,Visible,"Direct Drive Generator",1000,4,"19 September 2023"
"PRIMRE/Databases/Projects Database/Devices/Mass-on-Spring Wave Energy Converter (MOSWEC)",https://oceanpowertechnologies.com/news/opt-powerbuoy-system-prototype-ushers-in-next-generation-of-wave-power-system-technology/,,Active,"Ocean Power Technologies",Wave,"Point Absorber",Surface,Visible,"Direct Drive Generator",,5,"4 January 2023"
"PRIMRE/Databases/Projects Database/Devices/MegaRoller",https://www.wavec.org/en/research-development/projects/megaroller,,Inactive,"WavEC Offshore Renewables",Wave,"Wave Energy",Surface,Visible,,,1,
"PRIMRE/Databases/Projects Database/Devices/MegaWattBlue",https://www.guinard-energies.bzh/en/our-technology/megawattblue/,,Active,"Guinard Energies Nouvelles","Ocean Current","Axial Flow Turbine",,,"Direct Drive Generator",1000,4,"19 September 2023"
"PRIMRE/Databases/Projects Database/Devices/Mi1 Floating Turbine",https://mavi-innovations.ca/,,Active,"Mavi Innovations Inc","Ocean Current","Cross Flow Turbine",Surface,Visible,"Direct Drive Generator",22,6,"19 September 2023"
"PRIMRE/Databases/Projects Database/Devices/Micro Hydroelectric Generator",http://www.hillsidehydro.com/,,Inactive,"Hillside Hydro","Ocean Current","Axial Flow Turbine",Surface,Visible,"Direct Drive Generator",,6,
"PRIMRE/Databases/Projects Database/Devices/Mighty Whale",https://www.jamstec.go.jp/gallery/e/research/system/002.html,,Inactive,"Japan Agency for Marine-Earth Science and Technology",Wave,"Oscillating Water Column",Surface,Visible,"Direct Drive Generator",50,7,2001
"PRIMRE/Databases/Projects Database/Devices/Minesto Dragon 12",https://minesto.com/products,,Active,"Minesto AB",Tidal,Kite,"Submerged - Mid",Submerged,"Direct Drive Generator",1200,7,"19 September 2023"
"PRIMRE/Databases/Projects Database/Devices/Minesto Dragon 4",https://minesto.com/products,,Active,"Minesto AB",Tidal,Kite,"Submerged - Mid",Submerged,"Direct Drive Generator",100,9,"1 May 2022"
"PRIMRE/Databases/Projects Database/Devices/Mocean Energy Blue Horizon",https://www.mocean.energy/wave-energy-converter/,,Active,"Mocean Energy",Wave,Attenuator,Surface,Visible,"Direct Drive Generator",100,3,
"PRIMRE/Databases/Projects Database/Devices/Mocean Energy Blue Star",https://www.mocean.energy/our-technology/,,Active,"Mocean Energy",Wave,Attenuator,Surface,Visible,"Direct Use",15,4,"19 September 2023"
"PRIMRE/Databases/Projects Database/Devices/Mocean Energy Blue X",https://www.mocean.energy/our-technology/,,Active,"Mocean Energy",Wave,Attenuator,Surface,Visible,"Direct Drive Generator",100,7,"19 September 2023"
"PRIMRE/Databases/Projects Database/Devices/MoorPower",https://www.carnegiece.com/portfolio/moorpower-scaled-demonstrator/,,Active,"Carnegie Clean Energy",Wave,"Point Absorber",Surface,Visible,"Direct Drive Generator",,5,"8 November 2022"
"PRIMRE/Databases/Projects Database/Devices/Morild II",,,Inactive,STRAUM,"Ocean Current","Cross Flow Turbine",Entire,Visible,"Direct Drive Generator",1500,7,"22 June 2022"
"PRIMRE/Databases/Projects Database/Devices/Morild II Tidal Power Plant",https://hydratidal.wordpress.com/the-technology/,,Inactive,"Hydra Tidal Energy Technology AS",Tidal,"Axial Flow Turbine",Surface,Visible,"Direct Drive Generator",1500,6,"23 June 2022"
"PRIMRE/Databases/Projects Database/Devices/MotorWave",https://www.youtube.com/watch?v=QHzsgriTVUo,,Inactive,"Motor Wave Group",Wave,"Point Absorber",Surface,Visible,"Hydraulic Generator",0.05,4,
"PRIMRE/Databases/Projects Database/Devices/Mutriku",,,Active,"Ente Vasco de La Energia",Wave,"Oscillating Water Column",Surface,Visible,"Air Turbine",296,7,"19 September 2023"
"PRIMRE/Databases/Projects Database/Devices/NEMO OTEC",https://oceanenergy-europe.eu/wp-content/uploads/2018/01/ocn_-_nemo_-_fr_-_2016_factsheet_0.pdf,,Inactive,"Akuo Energy,Naval Group","Thermal Gradient",Closed-Cycle,Surface,Visible,"Air Turbine",16000,2,"27 February 2024"
"PRIMRE/Databases/Projects Database/Devices/NREL HERO WEC",https://openei.org/wiki/HERO-WEC/Subsystems,,Active,"National Renewable Energy Laboratory",Wave,"Point Absorber",Entire,Visible,"Hydraulic Generator",,3,"1 September 2023"
"PRIMRE/Databases/Projects Database/Devices/Nautricity CoRMaT",https://digital-library.theiet.org/content/journals/10.1049/iet-rpg.2009.0209,,Inactive,Nautricity,Tidal,"Axial Flow Turbine","Submerged - Mid",Submerged,"Direct Drive Generator",500,6,"20 April 2022"
"PRIMRE/Databases/Projects Database/Devices/Nemos WEC",https://nemos.de/wec-2019-media,,Active,"Nemos GmbH",Wave,"Point Absorber",Surface,Visible,"Direct Drive Generator",,6,"19 September 2023"
"PRIMRE/Databases/Projects Database/Devices/Neptune 3",,,Inactive,"Mermaid Power Corporation,NeptuneWaveca",Wave,"Point Absorber",Surface,Visible,"Direct Drive Generator",42,4,
"PRIMRE/Databases/Projects Database/Devices/Neptune 5B",,,Inactive,"NeptuneWaveca,Neptune Equipment Corporation",Wave,"Point Absorber",Surface,Visible,"Direct Drive Generator",250,5,
"PRIMRE/Databases/Projects Database/Devices/Neptune Model 3.1",,,Inactive,"Neptune Wave Power LLC",Wave,"Point Absorber",Surface,Visible,"Direct Drive Generator",225,6,
"PRIMRE/Databases/Projects Database/Devices/NeuralWEC",https://littoralpower.com/wp-content/uploads/2022/06/9957-NeuralWEC.pdf,,Active,"Littoral Power Systems Inc",Wave,,Entire,Visible,"Hydraulic Generator",,2,"5 January 2024"
"PRIMRE/Databases/Projects Database/Devices/Norwegian Ocean Power H300",,,Inactive,"Norwegian Ocean Power","Ocean Current","Cross Flow Turbine","Submerged - Bottom",Submerged,"Direct Drive Generator",,6,"9 May 2022"
"PRIMRE/Databases/Projects Database/Devices/Nova 30",,,Inactive,"Nova Innovation Ltd","Ocean Current","Axial Flow Turbine","Submerged - Bottom",Submerged,"Direct Drive Generator",30,6,
"PRIMRE/Databases/Projects Database/Devices/Nova M100",https://www.novainnovation.com/products/,,Active,"Nova Innovation Ltd","Ocean Current","Axial Flow Turbine","Submerged - Bottom",Submerged,"Direct Drive Generator",100,9,"19 September 2023"
"PRIMRE/Databases/Projects Database/Devices/Nova RE50",https://element-project.eu/news/summary-of-the-element-project/,,Active,"Nova Innovation Ltd",Tidal,"Axial Flow Turbine","Submerged - Bottom",Submerged,"Direct Drive Generator",50,7,"31 March 2023"
"PRIMRE/Databases/Projects Database/Devices/NoviOcean WEC",https://noviocean.energy/,,Active,NoviOcean,Wave,Attenuator,Surface,Visible,"Hydro Turbine",500,7,"19 September 2023"
"PRIMRE/Databases/Projects Database/Devices/O2 Turbine",https://orbitalmarine.com/o2/,,Active,"Orbital Marine Power","Ocean Current","Axial Flow Turbine",Surface,Visible,"Direct Drive Generator",2000,7,"20 September 2023"
"PRIMRE/Databases/Projects Database/Devices/OCGen Power System",,,Inactive,"Ocean Renewable Power Company","Ocean Current","Axial Flow Turbine","Submerged - Bottom",Submerged,"Direct Drive Generator",,3,
"PRIMRE/Databases/Projects Database/Devices/OE Buoy WEC",https://oceanenergy.ie/oe-buoy/,,Active,"Ocean Energy",Wave,"Oscillating Water Column",Surface,Visible,"Air Turbine",1750,6,"20 September 2023"
"PRIMRE/Databases/Projects Database/Devices/OIST WEC-units",https://groups.oist.jp/qwmu/oist-wave-energy-project,,Active,"Okinawa Institute of Science and Technology Graduate University",Wave,"Oscillating Water Column",Entire,Visible,"Air Turbine",,6,"20 September 2023"
"PRIMRE/Databases/Projects Database/Devices/OMI WEC",,,Inactive,"Ocean Motion International",Wave,"Point Absorber",Surface,Visible,"Hydro Turbine",,4,
"PRIMRE/Databases/Projects Database/Devices/OPTIMOR",https://orpc.co/in-development/,,Active,"Ocean Renewable Power Company",Tidal,"Cross Flow Turbine",,,"Direct Drive Generator",2000,2,"15 September 2022"
"PRIMRE/Databases/Projects Database/Devices/OWEC Ocean Wave Energy Converter",,,Inactive,"Ocean Wave Energy Company",Wave,"Point Absorber",Surface,Visible,"Direct Drive Generator",,4,
"PRIMRE/Databases/Projects Database/Devices/OWEL WEC",https://publications.parliament.uk/pa/ld200304/ldselect/ldsctech/126/126we34.htm,,Inactive,"Offshore Wave Energy Ltd",Wave,"Oscillating Water Column",Surface,Visible,"Air Turbine",,3,
"PRIMRE/Databases/Projects Database/Devices/Oceade Tidal Turbine",,,Inactive,"GE Renewable Energy","Ocean Current","Axial Flow Turbine","Submerged - Bottom",Submerged,"Direct Drive Generator",1400,6,
"PRIMRE/Databases/Projects Database/Devices/Ocean Surface CArbon Relocation OSCAR",https://atmocean.com/carbonsink/,,Active,"Ocean Based Climate Solutions Inc",Wave,"Point Absorber",Surface,Visible,"Direct Use",,6,"20 September 2023"
"PRIMRE/Databases/Projects Database/Devices/Ocean Swell Wave Energy Conversion OSWEC",http://www.amioceanpower.com/home.html,,Inactive,"Aqua-Magnetics Inc",Wave,"Point Absorber",Surface,Visible,"Direct Drive Generator",40,3,
"PRIMRE/Databases/Projects Database/Devices/Ocean Thermal Energy Corporation OTEC Plant",,,Inactive,"Ocean Thermal Energy Corporation","Thermal Gradient",Closed-Cycle,Surface,Visible,"Air Turbine",,3,
"PRIMRE/Databases/Projects Database/Devices/Ocean Upwelling Pump",https://ocean-based.com/,,Active,"Ocean Based Climate Solutions Inc",Wave,"Point Absorber",Entire,Visible,"Direct Use",,7,"20 September 2023"
"PRIMRE/Databases/Projects Database/Devices/Ocean Wave Rower",,,Inactive,Wave-Tricity,Wave,"Axial Flow Turbine",Surface,Visible,"Direct Drive Generator",,5,
"PRIMRE/Databases/Projects Database/Devices/Ocean Wave and Wind Energy Wave pump rig",http://www.oceanwaveandwindenergy.com/,,Inactive,"Ocean Wave and Wind Energy",Wave,Overtopping,Surface,Visible,"Hydro Turbine",,2,"3 April 2006"
"PRIMRE/Databases/Projects Database/Devices/OceanBased Ocean Current Energy Converter",https://oceanbased.energy/business-model/,,Active,"Perpetual Energy Ltd","Ocean Current","Axial Flow Turbine","Submerged - Mid",Submerged,"Direct Drive Generator",,6,"20 September 2023"
"PRIMRE/Databases/Projects Database/Devices/OceanMill",,,Inactive,"IHC Tidal Energy","Ocean Current","Axial Flow Turbine",Entire,Visible,"Direct Drive Generator",30,7,"24 October 2022"
"PRIMRE/Databases/Projects Database/Devices/OceanQuest HydroQuest",https://www.hydroquest.fr/en/tidal-power/,,Active,"Hydroquest SAS,Qair","Tidal,Ocean Current","Cross Flow Turbine","Submerged - Bottom",Submerged,"Direct Drive Generator",1,7,"10 May 2022"
"PRIMRE/Databases/Projects Database/Devices/OceanStar",,,Inactive,"Bourne Energy",Wave,"Axial Flow Turbine","Submerged - Bottom",Submerged,"Direct Drive Generator",,2,
"PRIMRE/Databases/Projects Database/Devices/Oceana Turbine",,,Inactive,"Oceana Energy Company","Ocean Current","Axial Flow Turbine","Submerged - Bottom",Submerged,"Direct Drive Generator",3000,4,
"PRIMRE/Databases/Projects Database/Devices/Okinawa Rankine OTEC",http://otecokinawa.com/en/OTEC/index.html,,Active,"IHI Corporation","Thermal Gradient",Hybrid-Cycle,"Submerged - Bottom",Submerged,"Air Turbine",50,9,"20 September 2023"
"PRIMRE/Databases/Projects Database/Devices/Oneka Iceberg-class",https://www.onekawater.com/sea-water-desalination-technology/#iceberg-class,,Active,"Oneka Technologies",Wave,"Point Absorber",Surface,Visible,"Direct Use",,4,"17 April 2023"
"PRIMRE/Databases/Projects Database/Devices/Oneka Icecube-class",https://www.onekawater.com/sea-water-desalination-technology/#icecube-class,,Active,"Oneka Technologies",Wave,"Point Absorber",Surface,Visible,"Direct Use",,4,"17 April 2023"
"PRIMRE/Databases/Projects Database/Devices/Oneka P-class",https://www.onekawater.com/sea-water-desalination-technology/#p-class,,Active,"Oneka Technologies",Wave,"Point Absorber",Surface,Visible,"Direct Use",,5,"17 April 2023"
"PRIMRE/Databases/Projects Database/Devices/Open Centre Turbine",,,Inactive,"OpenHydro Group Ltd","Ocean Current","Axial Flow Turbine","Submerged - Bottom",Submerged,"Direct Drive Generator",2000,8,
"PRIMRE/Databases/Projects Database/Devices/Orbital Marine Power SR2000",https://orbitalmarine.com/technology/,,Inactive,"Orbital Marine Power",Tidal,"Axial Flow Turbine",Surface,Visible,"Direct Drive Generator",2000,7,"9 December 2022"
"PRIMRE/Databases/Projects Database/Devices/Orbital Marine Power SR250",,,Inactive,"Orbital Marine Power","Ocean Current","Axial Flow Turbine",Surface,Visible,"Direct Drive Generator",250,7,"25 May 2012"
"PRIMRE/Databases/Projects Database/Devices/Orca Wave Energy System",https://patents.google.com/patent/US10253747B2/en,,Inactive,"Alternative Energy Engineering Associates LLP",Wave,Attenuator,Surface,Visible,"Hydraulic Generator",,2,
"PRIMRE/Databases/Projects Database/Devices/Oryon Watermill",https://www.oryonwatermill.com/,,Active,"Deepwater Energy BV","Ocean Current","Cross Flow Turbine",Surface,Visible,"Direct Drive Generator",,6,"20 September 2023"
"PRIMRE/Databases/Projects Database/Devices/Oscilla Power Triton C",https://www.oscillapower.com/triton-c,,Active,"Oscilla Power",Wave,"Point Absorber",Surface,Visible,"Hydraulic Generator",100,8,"20 September 2023"
"PRIMRE/Databases/Projects Database/Devices/Oscilla Power Triton WEC",https://www.oscillapower.com/tritonwec,,Active,"Oscilla Power",Wave,"Point Absorber",Surface,Visible,"Hydraulic Generator",1000,5,"20 September 2023"
"PRIMRE/Databases/Projects Database/Devices/PB3 PowerBuoy",https://oceanpowertechnologies.com/platform/opt-pb3-powerbuoy/,,Active,"Ocean Power Technologies",Wave,"Point Absorber",Surface,Visible,"Direct Drive Generator",8,9,"20 September 2023"
"PRIMRE/Databases/Projects Database/Devices/PLOTEC",https://plotec.eu/,,Active,"WavEC Offshore Renewables","Thermal Gradient",Open-Cycle,Surface,Visible,"Hydro Turbine",,1,"4 July 2023"
"PRIMRE/Databases/Projects Database/Devices/PVR Hydrokinetic Turbine",http://leviathanenergy.com/technology/underwater-currents/,,Inactive,"Pioneer Valley Renewables","Ocean Current","Axial Flow Turbine",Surface,Visible,"Direct Drive Generator",,4,"15 November 2014"
"PRIMRE/Databases/Projects Database/Devices/Pelagic Power W2Power",http://www.pelagicpower.no/about.html,,Inactive,"Pelagic Power",Wave,"Point Absorber",Surface,Visible,"Hydro Turbine",3000,5,"8 February 2010"
"PRIMRE/Databases/Projects Database/Devices/Pelamis P1",,,Inactive,"Pelamis Wave Power",Wave,Attenuator,Surface,Visible,"Hydraulic Generator",750,6,
"PRIMRE/Databases/Projects Database/Devices/Pelamis P2",,,Inactive,"Pelamis Wave Power",Wave,Attenuator,Surface,Visible,"Hydraulic Generator",750,6,
"PRIMRE/Databases/Projects Database/Devices/Pelamis P80",,,Inactive,"Floating Power Plant AS",Wave,"Oscillating Water Column",Surface,Visible,"Air Turbine",3600,4,
"PRIMRE/Databases/Projects Database/Devices/Pelamis WEC",,,Inactive,"Pelamis Wave Power",Wave,Attenuator,Surface,Visible,"Hydraulic Generator",750,7,
"PRIMRE/Databases/Projects Database/Devices/Penghu Sharp Eagle WEC",https://www.researchgate.net/publication/357893785_Ocean_Energy_Development_under_the_Background_of_Carbon_Emissions_Peak_and_Carbon_Neutrality_in_China,,Active,"Guangzhou Institute of Energy Conversion",Wave,"Point Absorber",Surface,Visible,"Direct Drive Generator",60,6,"9 December 2022"
"PRIMRE/Databases/Projects Database/Devices/Pioneer Valley Renewables Underwater Turbines",http://pioneervalleyrenewables.com/technology/,,Inactive,"Pioneer Valley Renewables",Tidal,"Axial Flow Turbine","Submerged - Bottom",Submerged,"Direct Drive Generator",,5,"28 June 2022"
"PRIMRE/Databases/Projects Database/Devices/Pneumatic Wave Energy Converter pWEC",,,Inactive,"Accumulated Ocean Energy Inc",Wave,"Point Absorber",Surface,Visible,"Air Turbine",,4,"22 June 2015"
"PRIMRE/Databases/Projects Database/Devices/PolyGen Volta",,,Inactive,"PolyGen Ltd",Wave,"Oscillating Wave Surge Converter",Surface,Visible,"Hydraulic Generator",100,7,"27 August 2015"
"PRIMRE/Databases/Projects Database/Devices/Pontoon PowerConverter PPC",https://www.pontoon.no/,,Active,"Pontoon Power",Wave,"Point Absorber",Surface,Visible,"Hydraulic Generator",20000,4,"19 April 2020"
"PRIMRE/Databases/Projects Database/Devices/Protean Wave Technology",,,Inactive,"Protean Wave Energy Ltd",Wave,"Point Absorber",Surface,Visible,"Direct Drive Generator",,6,"7 February 2016"
"PRIMRE/Databases/Projects Database/Devices/Pulse-Stream",,,Inactive,"Pulse Tidal formerly Pulse Generation",Tidal,"Oscillating Hydrofoil","Submerged - Bottom",Submerged,"Direct Drive Generator",100,6,
"PRIMRE/Databases/Projects Database/Devices/REAC Energy StreamCube",https://www.reac-energy.com/,,Inactive,"REAC Energy GmbH",Tidal,"Cross Flow Turbine",,,"Hydraulic Generator",,6,"28 June 2022"
"PRIMRE/Databases/Projects Database/Devices/RED-Stack Blue Energy",https://redstack.nl/en/technologie/,,Active,"REDStack BV","Salinity Gradient","Reverse Electrodialysis",Surface,Visible,"Salinity Membrane",,6,"20 September 2023"
"PRIMRE/Databases/Projects Database/Devices/RTI F2 QD",,,Inactive,"RTI Wave Energy",Wave,"Point Absorber",Surface,Visible,"Direct Drive Generator",,3,"10 February 2016"
"PRIMRE/Databases/Projects Database/Devices/Ramboll KNSwing",,,Inactive,Ramboll,Wave,Attenuator,Surface,Visible,"Air Turbine",,3,"11 May 2022"
"PRIMRE/Databases/Projects Database/Devices/Repetitive Energy Company SmartStream",https://www.repetitiveenergy.com/our-technology/,,Inactive,"Repetitive Energy Company",Tidal,"Cross Flow Turbine","Submerged - Bottom",Submerged,"Direct Drive Generator",,2,"24 June 2022"
"PRIMRE/Databases/Projects Database/Devices/Resen Smart Power Buoy",https://www.resenwaves.com/wave-energy-data-communications/the-technology/,,Active,"Resen Waves",Wave,"Point Absorber",Surface,Visible,"Direct Drive Generator",0.6,8,"3 March 2022"
"PRIMRE/Databases/Projects Database/Devices/Resolute Marine Wave2O",https://www.resolutemarine.com/technology/,,Active,"Resolute Marine Energy Inc",Wave,"Oscillating Wave Surge Converter","Submerged - Bottom",Submerged,"Direct Use",,,"10 February 2020"
"PRIMRE/Databases/Projects Database/Devices/Rho-Cee WEC",https://floateurope.eu/technology/rho-cee-wave-energy-converter-pc/,,Active,"Float Inc",Wave,"Oscillating Water Column",Surface,Visible,"Air Turbine",,4,"14 January 2016"
"PRIMRE/Databases/Projects Database/Devices/RigDrive",https://www.renewableenergymagazine.com/ocean_energy/australian-company-patents-new-rigbased-wave-energy-20131213,,Inactive,"AquaGen Technologies",Wave,"Point Absorber",Surface,Visible,"Hydraulic Generator",,2,"13 December 2013"
"PRIMRE/Databases/Projects Database/Devices/RivGen Power System",https://www.orpc.co/our-solutions/scalable-grid-integrated-systems/rivgen-power-system,,Active,"Ocean Renewable Power Company",Riverine,"Cross Flow Turbine","Submerged - Bottom",Submerged,"Direct Drive Generator",50,6,"5 April 2022"
"PRIMRE/Databases/Projects Database/Devices/RiverStar",,,Inactive,"Bourne Energy","Ocean Current,Riverine","Axial Flow Turbine",Surface,Visible,"Direct Drive Generator",50,5,"4 March 2008"
"PRIMRE/Databases/Projects Database/Devices/Robotic Juggler",,,Inactive,"Enorasy LLC",Wave,"Point Absorber",Surface,Visible,"Direct Drive Generator",,3,"10 October 2019"
"PRIMRE/Databases/Projects Database/Devices/Rotary Wave Butterfly Device",http://www.rotarywave.com/en/technology/,,Active,"Rotary Wave",Wave,"Point Absorber",Surface,Visible,"Direct Drive Generator",,3,
"PRIMRE/Databases/Projects Database/Devices/Rotary Wave Current Device",http://www.rotarywave.com/en/technology/,,Active,"Rotary Wave","Ocean Current,Riverine","Archimedes Screw",Surface,Visible,"Alternative PTO",700,6,"19 July 2022"
"PRIMRE/Databases/Projects Database/Devices/Rotech Tidal Turbine (LTT)",https://www.engineerlive.com/content/submerged-tidal-turbine-goes-flow-green-energy,,Inactive,"Lunar Energy",Tidal,"Axial Flow Turbine","Submerged - Bottom",Submerged,"Hydraulic Generator",,2,"24 June 2022"
"PRIMRE/Databases/Projects Database/Devices/SBM Offshore S3 Wave Energy Converter",https://www.sbmoffshore.com/creating-value/new-energies,,Active,"SBM Offshore NV",Wave,"Pressure Differential","Submerged - Mid",Submerged,"Alternative PTO",2000,4,"20 September 2023"
"PRIMRE/Databases/Projects Database/Devices/SIMEC AK1000",https://simecatlantis.com/services/turbines/history/,,Active,"SIMEC Atlantis Energy",Tidal,"Axial Flow Turbine","Submerged - Bottom",Submerged,"Hydraulic Generator",1000,7,"12 April 2022"
"PRIMRE/Databases/Projects Database/Devices/SIMEC AR1000",https://simecatlantis.com/services/turbines/history/,,Inactive,"SIMEC Atlantis Energy",Tidal,"Axial Flow Turbine","Submerged - Bottom",Submerged,"Hydraulic Generator",1000,6,"12 April 2022"
"PRIMRE/Databases/Projects Database/Devices/SIMEC AR1500",https://simecatlantis.com/wp-content/uploads/2016/08/AR1500-Brochure-Final-1.pdf,,Active,"SIMEC Atlantis Energy",Tidal,"Axial Flow Turbine","Submerged - Bottom",Submerged,"Hydraulic Generator",1500,7,"12 April 2022"
"PRIMRE/Databases/Projects Database/Devices/SIMEC Atlantis Energy Seagen S",https://simecatlantis.com/,,Inactive,"SIMEC Atlantis Energy","Ocean Current","Axial Flow Turbine","Submerged - Mid",Submerged,"Direct Drive Generator",3000,9,"14 August 2019"
"PRIMRE/Databases/Projects Database/Devices/SIMEC Atlantis Energy Seagen U",https://simecatlantis.com/,,Inactive,"SIMEC Atlantis Energy","Ocean Current","Axial Flow Turbine",Entire,Visible,"Direct Drive Generator",1500,4,"26 July 2019"
"PRIMRE/Databases/Projects Database/Devices/SINN Power WEC",https://www.engineering.com/story/floating-platform-produces-electricity-from-the-sun-wind-and-waves,,Active,"SINN Power GmbH",Wave,"Point Absorber",Surface,Visible,"Direct Drive Generator",750,6,"22 September 2023"
"PRIMRE/Databases/Projects Database/Devices/SMD Hydrovision TiDEL",,,Inactive,"SMD Hydrovision",Tidal,"Axial Flow Turbine","Submerged - Bottom",Submerged,"Direct Drive Generator",,5,"28 June 2022"
"PRIMRE/Databases/Projects Database/Devices/Sabella D10",https://www.sabella.bzh/en/our-projects/d10/,,Active,Sabella,"Ocean Current","Axial Flow Turbine","Submerged - Bottom",Submerged,"Direct Drive Generator",1000,9,"22 September 2023"
"PRIMRE/Databases/Projects Database/Devices/Sea Solar Power Plant",http://www.seasolarpower.com/,,Active,"Sea Solar Power Inc","Thermal Gradient",Closed-Cycle,Surface,Visible,"Air Turbine",25000,3,"19 July 2022"
"PRIMRE/Databases/Projects Database/Devices/Sea Wave Energy Wave Line Magnet",https://swel.eu/technology/,,Active,"Sea Wave Energy Ltd SWEL",Wave,Attenuator,Surface,Visible,"Hydraulic Generator",100000,6,"22 September 2023"
"PRIMRE/Databases/Projects Database/Devices/Sea-Titan",https://www.wavec.org/en/research-development/projects/sea-titan,,Inactive,"WavEC Offshore Renewables",Wave,"Wave Energy",,,"Direct Drive Generator",,1,
"PRIMRE/Databases/Projects Database/Devices/SeaDog Wave Pump",https://seadogsystems.com/,,Active,"SeaDog Systems Inc",Wave,"Point Absorber",Surface,Visible,"Direct Use",,6,"22 September 2023"
"PRIMRE/Databases/Projects Database/Devices/SeaEnergies SEWEC",http://www.seaenergies.com/our-technology.html,,Inactive,"SeaEnergies Ltd",Wave,"Oscillating Water Column",Surface,Visible,"Air Turbine",,4,"23 September 2016"
"PRIMRE/Databases/Projects Database/Devices/SeaQurrent",https://seaqurrent.com/,,Active,"SeaQurrent Holding BV","Ocean Current",Kite,"Submerged - Mid",Submerged,"Hydraulic Generator",,6,"22 September 2023"
"PRIMRE/Databases/Projects Database/Devices/Seabased WEC",https://seabased.com/,,Active,"Seabased AB",Wave,"Point Absorber","Submerged - Bottom",Submerged,"Direct Drive Generator",2000,8,"22 September 2023"
"PRIMRE/Databases/Projects Database/Devices/Seabreath MORE",,,Inactive,Seabreath,Wave,"Oscillating Water Column",Surface,Visible,"Air Turbine",,2,"30 January 2021"
"PRIMRE/Databases/Projects Database/Devices/Seahorse WEC",http://www.seahorseenergy.com.br/en/products/,,Inactive,"Seahorse Wave Energy",Wave,"Point Absorber",Surface,Visible,"Hydraulic Generator",,4,"28 July 2015"
"PRIMRE/Databases/Projects Database/Devices/Seapower",http://www.seapower.ie/our-technology/,,Active,"Sea Power Ltd",Wave,Attenuator,Surface,Visible,"Direct Drive Generator",,6,"22 September 2023"
"PRIMRE/Databases/Projects Database/Devices/Seapower GEL",http://www.seapowerscrl.com/ocean-and-river-system/gel,,Inactive,"Seapower scrl",Wave,"Point Absorber",Surface,Visible,"Direct Drive Generator",60,4,"9 May 2022"
"PRIMRE/Databases/Projects Database/Devices/Seatricity Oceanus 1",,,Inactive,"Seatricity Ltd",Wave,"Point Absorber",Surface,Visible,"Hydraulic Generator",150,6,
"PRIMRE/Databases/Projects Database/Devices/Seatricity Oceanus 2",http://seatricity.com/oceanus-2-action-wave-hub/,,Inactive,"Seatricity Ltd",Wave,"Point Absorber",Surface,Visible,"Hydraulic Generator",162,6,"13 June 2016"
"PRIMRE/Databases/Projects Database/Devices/Seaturns WEC",https://seaturns.com/technology/,,Active,Seaturns,Wave,"Point Absorber",Surface,Visible,"Air Turbine",200,4,"12 May 2022"
"PRIMRE/Databases/Projects Database/Devices/Seawood Designs SurfPower",,,Inactive,"Seawood Designs Inc",Wave,"Point Absorber",Surface,Visible,"Hydro Turbine",,4,"17 October 2017"
"PRIMRE/Databases/Projects Database/Devices/Sigma Energy WEC",https://www.sigma-energy.si/technology/,,Active,"Sigma Energy",Wave,"Point Absorber",Entire,Visible,"Hydraulic Generator",30,5,"26 January 2024"
"PRIMRE/Databases/Projects Database/Devices/Slow Mill WEC",http://www.slowmill.nl/Technology/Device/,,Active,"Slow Mill Sustainable Projects bv",Wave,"Point Absorber",Entire,Visible,"Hydraulic Generator",400,7,"22 September 2023"
"PRIMRE/Databases/Projects Database/Devices/Snapper Wave Energy Converter",https://ieeexplore.ieee.org/document/6136074,,Inactive,Decerna,Wave,"Point Absorber",Entire,Visible,"Direct Drive Generator",2,2,"31 August 2010"
"PRIMRE/Databases/Projects Database/Devices/Sourcetainable Jetty Joule",,,Inactive,Sourcetainable,Wave,"Pressure Differential",Surface,Visible,"Direct Drive Generator",28,2,"11 May 2022"
"PRIMRE/Databases/Projects Database/Devices/Spindrift Energy System",http://www.spindriftenergy.com/,,Inactive,Sprindrift,Wave,"Point Absorber",Surface,Visible,"Hydraulic Generator",,5,"1 January 2015"
"PRIMRE/Databases/Projects Database/Devices/Super Watt Wave Catcher Barges",http://www.marineenergycorp.com/marine-energy/super-watt-wave-catcher-barges.shtml,,Active,"Marine Energy Corporation",Wave,"Point Absorber",Surface,Visible,"Alternative PTO",,5,"31 July 2017"
"PRIMRE/Databases/Projects Database/Devices/Sustainable Marine Energy and Schottel Hydro PLAT-I",https://www.schottel.de/en/media-events/press-releases/press-detail/plat-i-operational-in-nova-scotia,,Active,"Sustainable Marine Energy Ltd,Schottel Hydro GmbH","Ocean Current","Axial Flow Turbine",Surface,Visible,"Direct Drive Generator",420,9,"25 September 2023"
"PRIMRE/Databases/Projects Database/Devices/Sustainable Marine Energy and Schottel Hydro PLAT-O",,,Inactive,"Sustainable Marine Energy Ltd,Schottel Hydro GmbH","Ocean Current","Axial Flow Turbine","Submerged - Mid",Submerged,"Direct Drive Generator",280,6,
"PRIMRE/Databases/Projects Database/Devices/Swell Actuated Reverse Osmosis System",https://www.indiegogo.com/projects/help-create-clean-drinking-water-using-wave-energy#/,,Inactive,"EcoH20 Innovations",Wave,"Point Absorber",Surface,Visible,"Salinity Membrane",,6,"20 September 2022"
"PRIMRE/Databases/Projects Database/Devices/Symphony WEC",https://symphonywavepower.nl/,,Active,"Symphony Wave Power",Wave,"Point Absorber","Submerged - Mid",Submerged,"Hydro Turbine",,3,"7 February 2022"
"PRIMRE/Databases/Projects Database/Devices/Syphon Wave Generator",https://www.youtube.com/watch?v=asbn_Z_OWvI,,Inactive,"Green Wave Energy Corp",Wave,"Wave Energy",Surface,Visible,"Hydro Turbine",,,
"PRIMRE/Databases/Projects Database/Devices/TidGen Power System",https://digital.library.unt.edu/ark:/67531/metadc871839/,,Active,"Ocean Renewable Power Company","Ocean Current","Axial Flow Turbine","Submerged - Mid",Submerged,"Direct Drive Generator",600,8,"4 April 2022"
"PRIMRE/Databases/Projects Database/Devices/TidGen-80 Power System",https://orpc.co/in-development/,,Active,"Ocean Renewable Power Company",Tidal,"Cross Flow Turbine","Submerged - Bottom",Submerged,"Direct Drive Generator",80,8,"15 September 2022"
"PRIMRE/Databases/Projects Database/Devices/Tidal Current Surface Crawler",https://gwft.ca/tidal-current-surface-crawler/,,Active,"Go With the Flow Technologies Inc",Tidal,"Cross Flow Turbine",Surface,Visible,"Direct Drive Generator",250,4,"25 September 2023"
"PRIMRE/Databases/Projects Database/Devices/Tidal and Wave Power Electrical Generator (TWPEG)",,,Inactive,"Balkee Tide and Wave Electricity Generator","Ocean Current","Axial Flow Turbine","Submerged - Bottom",Submerged,"Direct Drive Generator",,2,"31 August 2022"
"PRIMRE/Databases/Projects Database/Devices/Tocardo International T1 Turbine",https://www.tocardo.com/tocardo-t1/,,Active,"Tocardo International BV,HydroWing","Ocean Current","Axial Flow Turbine",Surface,Visible,"Direct Drive Generator",100,9,"25 September 2023"
"PRIMRE/Databases/Projects Database/Devices/Tocardo International T2 Turbine",https://www.tocardo.com/tocardo-t2/,,Active,"Tocardo International BV,HydroWing","Ocean Current","Axial Flow Turbine",Surface,Visible,"Direct Drive Generator",250,9,"25 September 2023"
"PRIMRE/Databases/Projects Database/Devices/Tocardo International T2si Turbine",https://www.tocardo.com/tocardo-t3/,,Active,"Tocardo International BV,HydroWing",Tidal,"Axial Flow Turbine","Submerged - Mid",Submerged,"Hydro Turbine",450,3,"21 August 2023"
"PRIMRE/Databases/Projects Database/Devices/Traveling Wave Hydrokinetic (TWH) Pump",https://www.pliantenergy.com/energy,,Active,"Pliant Energy","Ocean Current","Vortex Induced Vibration","Submerged - Mid",Submerged,"Alternative PTO",50,3,"25 September 2023"
"PRIMRE/Databases/Projects Database/Devices/Triton Tidal Energy Platform T36",,,Inactive,"TidalStream Ltd","Ocean Current","Axial Flow Turbine","Submerged - Mid",Submerged,"Direct Drive Generator",2500,4,"4 April 2015"
"PRIMRE/Databases/Projects Database/Devices/Tveter Power WEC Pumping Device",,,Inactive,"Tveter Power",Wave,"Point Absorber",Surface,Visible,"Direct Use",,5,"15 March 2018"
"PRIMRE/Databases/Projects Database/Devices/Verlume Subsea Power Hub",https://verlume.world/technology/remote-power-generation/,,Active,Verlume,"Ocean Current","Cross Flow Turbine","Submerged - Bottom",Submerged,"Direct Drive Generator",,6,"26 September 2023"
"PRIMRE/Databases/Projects Database/Devices/Verterra Energy V-Pod",https://www.verterraenergy.com/technology,,Active,"Verterra Energy Inc","Ocean Current","Cross Flow Turbine","Submerged - Mid",Submerged,"Direct Drive Generator",,9,"22 February 2022"
"PRIMRE/Databases/Projects Database/Devices/Vortex Hydro Energy VIVACE Converter",https://www.vortexhydroenergy.com/technology/how-it-works/,,Active,"Vortex Hydro Energy LLC","Ocean Current","Vortex Induced Vibration","Submerged - Bottom",Submerged,"Direct Drive Generator",,7,"26 September 2023"
"PRIMRE/Databases/Projects Database/Devices/WECCA",,,Inactive,"Wave Energy Corporation of America",Wave,Attenuator,Surface,Visible,"Alternative PTO",,6,"6 November 2016"
"PRIMRE/Databases/Projects Database/Devices/WELCOME (Wave Energy Lift Converter Multiple EspaÃ±a)",,,Inactive,"Pipo Systems",Wave,"Point Absorber",Surface,Visible,"Hydraulic Generator",120,2,"4 June 2011"
"PRIMRE/Databases/Projects Database/Devices/WEPTOS WEC",http://www.weptos.com/,,Active,Weptos,Wave,Attenuator,Surface,Visible,"Direct Drive Generator",1000,6,"1 February 2024"
"PRIMRE/Databases/Projects Database/Devices/WET EnGen",,,Inactive,"Wave Energy Technologies Inc",Wave,"Point Absorber",Surface,Visible,"Direct Drive Generator",,5,"2 March 2009"
"PRIMRE/Databases/Projects Database/Devices/WF-10-15 Waterfall Turbine",,,Inactive,"Hydrovolts Inc",Tidal,"Cross Flow Turbine",Entire,Visible,"Direct Drive Generator",,5,"28 June 2022"
"PRIMRE/Databases/Projects Database/Devices/WITT",https://www.witt-energy.com/sub-sea,,Active,"WITT Limited",Wave,"Point Absorber",Entire,Visible,"Direct Drive Generator",0.005,6,"26 September 2023"
"PRIMRE/Databases/Projects Database/Devices/WSE UniWave200",https://www.waveswell.com/technology/,,Active,"Wave Swell Energy Ltd",Wave,"Oscillating Water Column",Entire,Visible,"Air Turbine",200,8,"29 March 2023"
"PRIMRE/Databases/Projects Database/Devices/WWTurbine",https://wwturbine.com/,,Active,"Water Wall Turbine","Ocean Current","Axial Flow Turbine",Surface,Visible,"Direct Drive Generator",10000,7,"26 September 2023"
"PRIMRE/Databases/Projects Database/Devices/Water2Energy VAWT",https://water2energy.nl/solutions/,,Active,Water2Energy,"Tidal,Ocean Current","Axial Flow Turbine",Surface,Visible,"Direct Drive Generator",100,7,"3 May 2022"
"PRIMRE/Databases/Projects Database/Devices/Waterotor",https://waterotor.com/products/,,Active,"Waterotor Energy Technologies","Ocean Current","Cross Flow Turbine","Submerged - Bottom",Submerged,"Direct Drive Generator",1000,7,"26 September 2023"
"PRIMRE/Databases/Projects Database/Devices/Wave Dragon",http://wavedragon.net/,,Active,"Wave Dragon ApS",Wave,Overtopping,Surface,Visible,"Hydro Turbine",1500,5,"15 July 2022"
"PRIMRE/Databases/Projects Database/Devices/Wave Energy Technology WEC",,,Inactive,"Wave Energy Technologies Inc",Wave,"Point Absorber",Surface,Visible,,1200,7,"18 September 2018"
"PRIMRE/Databases/Projects Database/Devices/Wave Powered Electric Generating Device",https://patents.google.com/patent/US7315092B2/en?oq=US7315092,,Inactive,"Green Wave Energy Corp",Wave,"Wave Energy","Submerged - Mid",Submerged,"Direct Drive Generator",,,
"PRIMRE/Databases/Projects Database/Devices/Wave Rider",https://www.waveriderenergy.com.au/,,Inactive,"Wave Rider Energy Pty Ltd",Wave,Attenuator,Surface,Visible,"Direct Drive Generator",,6,"18 May 2015"
"PRIMRE/Databases/Projects Database/Devices/WavePlane",http://www.waveplane.com/,,Inactive,"WavePlane Production",Wave,Overtopping,Surface,Visible,"Hydro Turbine",200,6,"22 August 2022"
"PRIMRE/Databases/Projects Database/Devices/WaveTrain",https://www.waveenergyscotland.co.uk/programmes/details/novel-wave-energy-converter/wavetrain-sloped-pneumatic-wec/,,Inactive,"Joules Energy Efficiency Services Ltd",Wave,"Oscillating Water Column",Surface,Visible,"Air Turbine",,3,"1 June 2017"
"PRIMRE/Databases/Projects Database/Devices/Waveberg",,,,"Waveberg Development Ltd",Wave,Attenuator,Surface,Visible,"Hydro Turbine",300,3,"1 June 2012"
"PRIMRE/Databases/Projects Database/Devices/Wavenergyit REWEC3",https://www.wavenergy.it/,,Active,"Wavenergyit srl",Wave,"Oscillating Water Column",Surface,Visible,"Air Turbine",60,7,"5 November 2014"
"PRIMRE/Databases/Projects Database/Devices/Wavepiston",https://www.wavepiston.dk/#our-services,,Active,"Wavepiston ApS",Wave,"Oscillating Wave Surge Converter",Surface,Visible,"Hydro Turbine",200,6,"13 January 2021"
"PRIMRE/Databases/Projects Database/Devices/Waves4Power WaveEL",https://www.waves4power.com/waves4power-the-solution/,,Active,Waves4Power,Wave,"Point Absorber",Surface,Visible,"Hydraulic Generator",200,7,"30 September 2019"
"PRIMRE/Databases/Projects Database/Devices/Wavestar WEC",https://wavestarenergy.com/about/,,Active,"Wavestar Energy AS",Wave,Attenuator,Surface,Visible,"Hydraulic Generator",600,7,"1 January 2013"
"PRIMRE/Databases/Projects Database/Devices/Wedge W1",https://wedgeglobal.com/,,Active,"Wedge Global SL",Wave,"Point Absorber",Surface,Visible,"Direct Drive Generator",200,7,"14 August 2019"
"PRIMRE/Databases/Projects Database/Devices/Wello Oy Penguin",https://wello.eu/the-penguin-2/,,Active,"Wello Oy",Wave,"Point Absorber",Surface,Visible,"Direct Drive Generator",1000,9,"22 December 2021"
"PRIMRE/Databases/Projects Database/Devices/XCT-1",https://www.energy.gov/sites/default/files/2022-09/wpto-tech-specific-day3-xct-system.pdf,,Active,"Littoral Power Systems Inc","Ocean Current","Current Energy",,,"Hydraulic Generator",72.7,,
"PRIMRE/Databases/Projects Database/Devices/Yongsoo OWC",,,Active,"Korea Institute of Ocean Science and Technology",Wave,"Oscillating Water Column",Entire,Visible,"Air Turbine",500,8,"1 July 2016"
"PRIMRE/Databases/Projects Database/Devices/Yourbrook Energy Systems Tidal Hydro System",https://www.yourbrookenergy.com/our-technology,,Active,"Yourbrook Energy Systems Ltd",Tidal,"Axial Flow Turbine",Surface,Visible,"Hydraulic Generator",,3,
"PRIMRE/Databases/Projects Database/Devices/Zhoushan Sharp Eagle",http://english.giec.cas.cn/ns/tn/202007/t20200703_240147.html,,Active,"Guangzhou Institute of Energy Conversion",Wave,"Oscillating Wave Surge Converter",Surface,Visible,"Hydraulic Generator",500,7,"30 June 2020"
